id,state,state_full,name,region,latitude,longitude,elevation,snowforecast_id,opensnow_id,liftie_id,resort_website,resort_website_weather_url,base_elevation,summit_elevation,active,ws_latitude,ws_longitude,ws_elevation,domestic
1,WA,Washington,49 Degrees North,PacificNW,48.28,-117.56,4925,Forty-Nine-Degrees-North,51,49-degrees-north,http://www.ski49n.com/,http://www.ski49n.com/snow_report.php,3900,5800,F,48.28319,-117.5770569,2045,T
2,WA,Washington,Crystal Mountain,PacificNW,46.92,-121.49,5524,Crystal-Mountain,59,crystal-mountain,http://crystalmountainresort.com/,http://crystalmountainresort.com/The-Mountain/mountain_report,4400,7000,F,46.93150988,-121.4826965,4449,T
3,WA,Washington,Hurricane Ridge,PacificNW,47.97,-123.51,4999,HurricaneRidge,52,,http://hurricaneridge.com/,http://hurricaneridge.com/?page_id=2,4800,5500,F,47.972,-123.503,5151,T
4,WA,Washington,Loup Loup Ski Bowl,PacificNW,48.39,-119.91,3992,LoupLoup,60,,http://www.skitheloup.com,http://www.skitheloup.com/the_mountain/conditions/,4000,5200,F,48.4253,-120.1419,1697,T
5,WA,Washington,Mission Ridge,PacificNW,47.28,-120.39,5976,Mission-Ridge,53,,http://www.missionridge.com/,http://www.missionridge.com/the-mountain/snow-conditions.html,4600,6800,F,47.28668189,-120.418396,1250,T
6,WA,Washington,Mount Baker,PacificNW,48.86,-121.68,4264,Mount-Baker,56,,http://www.mtbaker.us/,http://www.mtbaker.us/index.php/snow-report/,3500,5000,F,48.865,-121.678,4219,T
7,WA,Washington,Mount Spokane,PacificNW,47.93,-117.12,4805,Mt-Spokane-Ski-and-Snowboard-Park,61,mt-spokane,http://www.mtspokane.com/,http://www.mtspokane.com/19/,4200,5900,F,47.97417,-117.42833,2205,T
8,WA,Washington,Ski Bluewood,PacificNW,46.07,-117.85,5402,Bluewood,55,,http://www.bluewood.com/pin/,http://www.bluewood.com/PIN/Mountain/CurrentConditions/tabid/268/Default.aspx,4500,5700,F,46.12,-117.85,5530,T
9,WA,Washington,Stevens Pass,PacificNW,47.73,-121.09,5166,Stevens-Pass,57,stevens,http://www.stevenspass.com/,http://www.stevenspass.com/Stevens/snowreport.aspx,4100,5900,F,47.7459,-121.0891,4019,T
10,WA,Washington,Snoqualmie - Alpental,PacificNW,47.44,-121.45,4776,Snoqualmie,64,,http://www.summitatsnoqualmie.com/,http://www.summitatsnoqualmie.com/Weather,3100,5400,F,47.43946692,-121.4181519,2874,T
11,WA,Washington,White Pass,PacificNW,46.63,-121.4,5622,White-Pass,58,,http://skiwhitepass.com/,http://skiwhitepass.com/index.php?option=com_content&view=article&id=58&Itemid=90,4500,6600,F,46.638,-121.39,4308,T
12,OR,Oregon,Anthony Lakes,PacificNW,44.97,-118.26,7429,Anthony-Lakes-Mountain-Resort,68,,http://www.anthonylakes.com/pin/,http://www.anthonylakes.com/pin/Mountain/CurrentConditions/tabid/86/Default.aspx,7100,8000,F,45.0138,-117.9168,3273,T
13,OR,Oregon,Hoodoo,PacificNW,44.42,-121.89,4704,Hoodoo-Ski-Area,71,hoodoo,http://www.hoodoo.com,http://www.hoodoo.com/daily-conditions/,4700,5700,F,44.402,-121.882,5700,T
14,OR,Oregon,Mount Ashland,PacificNW,42.09,-122.72,6754,Mt-Ashland,74,,http://www.mtashland.com/,http://www.mtashland.com/SectionIndex.asp?SectionID=14,6400,7500,F,42.38111,-122.87222,1329,T
15,OR,Oregon,Mount Bachelor,PacificNW,43.99,-121.68,7636,Mt-Bachelor,70,mtbachelor,http://www.mtbachelor.com/winter/index.html,http://www.mtbachelor.com/winter/mountain/snow_report,5700,9100,F,43.98314,-121.58034,6001,T
16,OR,Oregon,Mount Hood Meadows,PacificNW,45.34,-121.69,6084,Mt-Hood-Meadows,72,mthood,http://www.skihood.com/,http://www.skihood.com/The-Mountain/Conditions,4500,7300,F,45.37585,-122.03528,1070,T
17,OR,Oregon,Mount Hood Skibowl,PacificNW,45.29,-121.76,3605,Mt-Hood-Ski-Bowl,73,,http://www.skibowl.com/winter/,http://www.skibowl.com/winter/conditions/,3500,5100,F,45.37585,-122.03528,1070,T
18,OR,Oregon,Timberline,PacificNW,45.34,-121.72,6337,Timberline,35,,http://www.timberlineresort.com/Winter/,http://www.visitcanaan.com/timberline,4900,8600,F,45.37585,-122.03528,1070,T
19,OR,Oregon,Willamette Pass,PacificNW,43.61,-122.03,5537,Willamette-pass,75,,http://www.willamettepass.com/,http://www.willamettepass.com/mountain/snowreport.php,5100,6700,F,43.59775,-122.0349,5080,T
20,ID,Idaho,Bogus Basin,Rockies,43.74,-116.12,5999,Bogus-Basin,105,,http://www.bogusbasin.org/,http://www.bogusbasin.org/snow-report.aspx,5800,7600,F,43.56667,-116.24056,2858,T
21,ID,Idaho,Brundage,Rockies,45,-116.12,6829,Brundage-Mountain-Resort,106,,http://www.brundage.com/,http://www.brundage.com/the-mountain/snow-report/,5800,7600,F,44.20861,-114.93444,6496,T
22,ID,Idaho,Kelly Canyon,Rockies,43.65,-111.62,6101,Kelly-Canyon-Ski-Area,107,,http://www.skikelly.com/,http://www.skikelly.com/,5600,6600,F,43.6111,-111.70531,5106,T
23,ID,Idaho,Lookout Pass,Rockies,47.44,-115.71,5200,LookoutPass,98,,https://skilookout.com/,https://skilookout.com/snow-report,4500,5700,F,47.47,-115.69,4054,T
24,ID,Idaho,Magic Mountain ,Rockies,42.19,-114.28,6996,Magic-Mountain-Ski-Area,108,,http://www.magicmtn.com/,http://www.magicmtn.com/snowreport.php,6500,7200,F,43.34,-72.52,577,T
25,ID,Idaho,Pebble Creek,Rockies,42.77,-112.15,7455,Pebble-Creek-Ski-Area,109,,http://www.pebblecreekskiarea.com/,http://www.pebblecreekskiarea.com/report_snow.htm,6400,8600,F,42.8767,-112.4603,4440,T
26,ID,Idaho,Pomerelle,Rockies,42.32,-113.62,8197,Pomerelle-Mountain-Resort,99,,http://www.pomerelle.com/,http://www.pomerelle.com/conditions/index.htm,8000,9000,F,42.5425,-113.77139,4150,T
27,ID,Idaho,Schweitzer,Rockies,48.34,-116.65,5472,Schweitzer,100,schweitzer,http://www.schweitzer.com/,http://www.schweitzer.com/mountain/snow-report/,4000,6400,F,48.29944,-116.56,2126,T
28,ID,Idaho,Silver Mountain,Rockies,47.48,-116.13,5911,Silver-Mountain,101,,http://www.silvermt.com/,http://www.silvermt.com/site_Snow-Report/SnowReport.aspx,4100,6300,F,47.45417,-115.66972,6001,T
29,ID,Idaho,Soldier Mountain,Rockies,43.48,-114.86,6950,Soldier-Mountain,110,,http://www.soldiermountain.com/,Website being updated,5800,7200,F,43.5,-114.3,5318,T
30,ID,Idaho,Sun Valley,Rockies,43.67,-114.39,7554,Sun-Valley,102,sunvalley,http://www.sunvalley.com/,http://www.sunvalley.com/mountain/report/ AND http://www.sunvalley.com/mountain/dollar/,5800,9200,F,43.5,-114.3,5318,T
31,ID,Idaho,Tamarack,Rockies,44.69,-116.15,6199,Tamarack,104,,http://tamarackidaho.com/winter_adventure/index.php,http://tamarackidaho.com/weather.php#snowreport_container,4900,7700,F,44.88333,-116.09944,5020,T
32,MT,Montana,Big Sky,Rockies,45.27,-111.43,8880,Big-Sky,115,big-sky,http://www.bigskyresort.com/,http://www.bigskyresort.com/Activities/Winter/Conditions.asp,7500,11200,F,45.27,-111.43,8880,T
33,MT,Montana,Blacktail Mountain,Rockies,48.02,-114.36,5461,Blacktail-Mountain-Ski-Area,123,,http://www.blacktailmountain.com/,http://www.blacktailmountain.com/index.php?page=snow-report,5300,6800,F,47.7675,-114.2339,3600,T
34,MT,Montana,Bridger Bowl,Rockies,45.82,-110.92,7446,Bridger-Bowl,116,,http://bridgerbowl.com/,http://bridgerbowl.com/snowreport/,6100,8800,F,45.78806,-111.16083,4475,T
35,MT,Montana,Discovery Basin,Rockies,46.26,-113.25,7941,Discovery-Ski-Area,117,,http://www.skidiscovery.com/,http://www.skidiscovery.com/snow-report/,5770,8200,F,46.3167,-113.3,5280,T
36,MT,Montana,Great Divide,Rockies,46.75,-112.32,6462,Great-Divide,119,,http://www.skigd.com/,http://www.skigd.com/,5900,7200,F,46.56148,-112.30931,6325,T
37,MT,Montana,Lost Trail Powder Mountain,Rockies,45.7,-113.94,6596,Lost-Trail---Powder-Mtn,120,,http://www.losttrail.com/,http://www.losttrail.com/weather-snow/,6400,8200,F,45.69302,-113.94835,7090,T
38,MT,Montana,Maverick Mountain,Rockies,45.45,-113.16,8003,MaverickMountain,124,,http://skimaverick.com/,http://skimaverick.com/mountain/snow-report/,6800,8800,F,45.31545,-113.30974,7400,T
39,MT,Montana,Montana Snow Bowl,Rockies,47.02,-113.99,5481,Montana-Snowbowl,121,,http://www.montanasnowbowl.com/,http://www.montanasnowbowl.com/report.php3,5000,7600,F,46.92083,-114.0925,3199,T
40,MT,Montana,Moonlight Basin,Rockies,45.29,-111.44,9246,Moonlight-Basin,125,,http://www.moonlightbasin.com/site/index.html,http://www.moonlightbasin.com/site/snow-conditions.html,7400,11200,F,45.27,-111.43,8800,T
41,MT,Montana,Red Lodge,Rockies,45.19,-109.38,8399,Red-Lodge-Mountain,122,red-lodge-mountain,http://www.redlodgemountain.com/,http://www.redlodgemountain.com/content.asp?section=mtn&page=snowreport&season=winter,7000,9400,F,45.80694,-108.54222,3648,T
42,MT,Montana,Showdown,Rockies,46.84,-110.73,7797,Showdown-Ski-Area,126,,http://www.showdownmontana.com/,http://www.showdownmontana.com/,6800,8200,F,46.8353,-110.7175,8232,T
43,MT,Montana,Teton Pass,Rockies,47.94,-112.8,6107,Teton-Pass-Ski-Area,128,,http://tetonpassresort.com/,http://tetonpassresort.com/about/snow-report,6200,8600,F,47.92,-112.82,6400,T
44,MT,Montana,Turner Mountain,Rockies,48.61,-115.64,4654,TurnerMountain,127,,http://www.skiturner.com/,http://www.skiturner.com/,3800,6000,F,48.4667,-115.9167,1950,T
45,MT,Montana,Whitefish Mountain,Rockies,48.51,-114.34,5799,Big-Mountain,114,,http://skiwhitefish.com/,http://skiwhitefish.com/snowreport.php,4500,6800,F,48.5394,-114.5594,3116,T
46,AK,Alaska,Alyeska,Alaska,60.94,-148.95,2378,Alyeska-Resort,130,alyeska,http://www.alyeskaresort.com/,http://www.alyeskaresort.com/snow-report.aspx,1440,3940,F,60.95386,-149.066877,0,T
47,WY,Wyoming,Jackson Hole,Rockies,43.61,-110.86,9666,Jackson-Hole,91,jackson-hole,http://www.jacksonhole.com/,http://www.jacksonhole.com/weather-snow-report.html,6300,10450,F,43.6,-110.73333,6450,T
48,WY,Wyoming,Antelope Butte,Rockies,44.62,-107.51,8397,Antelope-Butte,,,http://www.skiantelopebutte.com/,http://www.skiantelopebutte.com/c_reports/c1.htm,8400,9400,F,44.52,-108.08,3940,T
49,WY,Wyoming,Grand Targhee,Rockies,43.79,-110.95,9059,Grand-Targhee,90,grand-targhee,http://www.grandtarghee.com/,http://www.grandtarghee.com/the-mountain/conditions/index.php,7400,9800,F,43.6,-110.73333,6450,T
50,WY,Wyoming,Snowy Range,Rockies,41.35,-106.17,9197,Snowy-Range-Ski-and-Recreation-Area,94,,http://www.snowyrangeski.com/,http://www.snowyrangeski.com/the-mountain/snow-report,9000,10000,F,41.33,-105.68,7266,T
51,WY,Wyoming,Sleeping Giant,Rockies,44.5,-109.95,7285,SleepingGiant,93,,http://www.skisg.com/,http://www.skisg.com/mountain-stats.php,6600,7400,F,44.54444,-110.42111,7835,T
52,WY,Wyoming,Snow King,Rockies,43.46,-110.75,7183,Snow-King-Resort,96,,http://www.snowking.com/Activities_WinterActivities_SkiArea.aspx,http://www.snowking.com/Activities_WinterActivities_SkiArea_SnowReport.aspx,6200,7800,F,43.6,-110.73333,6450,T
53,WY,Wyoming,White Pine,Rockies,42.98,-109.75,8902,WhitePine,97,,http://www.whitepineski.com/,http://www.whitepineski.com/weatherreport.php,8400,9500,F,42.79528,-109.80694,7087,T
54,UT,Utah,Alta,Rockies,40.58,-111.61,9440,Alta,39,alta,http://www.alta.com/,http://www.alta.com/pages/PrintableReport.php,8550,10550,F,40.66,-111.5149,6855,T
55,UT,Utah,Brighton,Rockies,40.58,-111.58,9463,Brighton-Resort,37,,http://www.brightonresort.com/,http://www.brightonresort.com/skireport-main.html,8600,10500,F,40.66,-111.5149,6855,T
56,UT,Utah,Snowbird,Rockies,40.57,-111.67,9296,Snowbird,40,snowbird,http://www.snowbird.com/index.html,http://www.snowbird.com/ski_board/snowreport.php,7800,11000,F,40.66,-111.5149,6855,T
57,UT,Utah,Solitude,Rockies,40.63,-111.59,8830,Solitude,38,solitude,http://www.skisolitude.com/,http://www.skisolitude.com/mountain/mountain_report.php,8000,10000,F,40.66,-111.5149,6855,T
58,UT,Utah,Canyons,Rockies,39.32,-111.09,8338,The-Canyons,47,canyons,http://www.canyonsresort.com/,http://www.canyonsresort.com/snow_report.html,6800,10000,F,40.66,-111.5149,6855,T
59,UT,Utah,Deer Valley,Rockies,39.32,-111.09,8338,Deer-Valley,44,deer-valley,http://www.deervalley.com/,http://www.deervalley.com/OnTheMountain/Mountain#RunAndLiftStatusSection,6600,10000,F,40.66,-111.5149,6855,T
60,UT,Utah,Park City,Rockies,40.63,-111.5,7997,Park-City,41,parkcity,http://www.parkcitymountain.com/site/index.html,http://www.parkcitymountain.com/site/mountain-info/conditions/snow-report/snow_report,6900,10000,F,40.66,-111.5149,6855,T
61,UT,Utah,Sundance,Rockies,40.41,-111.58,6996,Sundance,45,,http://www.sundanceresort.com/explore/wnt_ski.html,http://www.sundanceresort.com/explore/wnt_ski_report.html,6100,8200,F,40.48194,-111.42889,5936,T
62,UT,Utah,Beaver Mountain,Rockies,41.97,-111.54,7593,Beaver-Mountain,42,,http://www.skithebeav.com/,http://www.skithebeav.com/c/mountain/weather-report--cams,7200,8900,F,41.78278,-111.85389,4452,T
63,UT,Utah,Powder Mountain,Rockies,41.38,-111.77,8485,Powder-Mountain,48,,http://www.powdermountain.com/,http://www.powdermountain.com/en/resort-conditions/,6900,9400,F,41.19361,-112.01639,4468,T
64,UT,Utah,Snowbasin,Rockies,41.22,-111.89,7842,Snow-Basin,50,snowbasin,http://www.snowbasin.com/,http://www.snowbasin.com/mountain/mountain-report/,6300,9300,F,41.19361,-112.01639,4468,T
65,UT,Utah,Brian Head,Rockies,37.67,-112.83,10621,Brian-Head-Resort,43,brianhead,http://www.brianhead.com/winter,http://www.brianhead.com/winter/conditions/snow-report,9600,10900,F,37.70667,-113.09667,5627,T
66,UT,Utah,Eagle Point,Rockies,38.32,-112.39,9220,Eagle-Point-Resort,46,,http://www.eaglepointresort.com/,http://www.eaglepointresort.com/content/snow-report,9100,10500,F,38.74,-112.1,5299,T
67,NM,New Mexico,Taos,Southwest,36.58,-105.48,10840,Taos,88,taos,http://www.skitaos.org/,http://www.skitaos.org/weather,9200,11800,F,36.42,-105.29,8380,T
68,NM,New Mexico,Angel Fire,Southwest,36.39,-105.27,8997,Angel-Fire-Resort,82,angel-fire,http://www.angelfireresort.com/,http://www.angelfireresort.com/winter/mountain/snow-report,8600,10700,F,36.42,-105.29,8380,T
69,NM,New Mexico,Pajarito Mountain,Southwest,35.89,-106.41,9581,Pajarito-Mountain-Ski-Area,83,,http://www.skipajarito.com/,http://www.skipajarito.com/conditions.php,9000,10500,F,35.88,-106.28,7172,T
70,NM,New Mexico,Red River,Southwest,36.7,-105.41,9397,Red-River,84,,http://www.redriverskiarea.com/,http://www.redriverskiarea.com/snow-grooming-report,8800,10400,F,34.11,-105.68,6499,T
71,NM,New Mexico,Sandia Peak,Southwest,35.19,-106.42,9414,Sandia-Peak,85,,http://www.sandiapeak.com/,http://sandiapeak.com/index.php?page=snow-report,8700,10400,F,35.05,-106.62,5130,T
72,NM,New Mexico,Sipapu,Southwest,36.15,-105.55,8397,Sipapu-Ski-and-Summer-Resort,87,,http://www.sipapunm.com/,http://www.sipapunm.com/component/snowreport/?Itemid=300,8200,9200,F,36.46,-105.67,7090,T
73,NM,New Mexico,Ski Apache,Southwest,33.4,-105.78,10529,Ski-Apache,88,,http://www.skiapache.com/,http://www.skiapache.com/the-mountain/snow-report-weather-conditions/,10100,12000,F,33.36,-105.67,6818,T
74,NM,New Mexico,Ski Santa Fe,Southwest,35.8,-105.79,10932,Ski-Santa-Fe,86,,http://www.skisantafe.com/,http://skisantafe.com/index.php?page=snow-report,10300,12000,F,35.62,-106.08,6344,T
75,CA,California,Sugar Bowl,West/Tahoe,39.32,-120.31,7062,Sugar-Bowl,139,sugarbowl,http://www.sugarbowl.com/home,http://www.sugarbowl.com/snowreport,6900,8400,F,39.0697,-120.42,5240,T
76,CA,California,Squaw Valley USA,West/Tahoe,39.19,-120.25,7383,Squaw-Valley-USA,141,squaw,http://www.squaw.com/,http://www.squaw.com/the-mountain/conditions,6200,9050,F,39.202,-120.23267,6532,T
77,CA,California,Alpine Meadows,West/Tahoe,39.17,-120.25,7770,Alpine-Meadows,143,alpine,http://www.skialpine.com/,http://www.skialpine.com/mountain/snow-report,6400,8600,F,39.202,-120.23267,6532,T
78,CA,California,Bear Mountain,West/Tahoe,34.22,-116.9,7954,Bear-Mountain,132,,http://www.bearmountain.com/snowboard/,http://www.bearmountain.com/snowboard/snow-report/current-snow-report/#conditions,7100,8800,F,34.2661,-116.8989,6900,T
79,CA,California,Bear Valley Mountain,West/Tahoe,38.5,-120.06,7492,Bear-Valley,149,,http://www.bearvalley.com/,http://www.bearvalley.com/the-mountain/snow-report/,6600,8500,F,38.3458,-120.2294,6064,T
80,CA,California,China Peak,West/Tahoe,37.22,-119.19,7587,China-Peak,134,chinapeak,http://www.skichinapeak.com/trailmap.aspx,http://www.skichinapeak.com/conditions.aspx,7000,8700,F,36.78,-119.71944,331,T
81,CA,California,Dodge Ridge,West/Tahoe,38.18,-119.92,7544,Dodge-Ridge,154,,http://www.dodgeridge.com/site/,http://one.prance.com/php/iPrance/DodgeRidge/snowreport.php,6600,8200,F,38.0631,-120.2472,4942,T
82,CA,California,Heavenly,West/Tahoe,38.92,-119.93,8144,Heavenly-Ski,135,heavenly,http://www.skiheavenly.com/,http://www.skiheavenly.com/the-mountain/snow-report/snow-report.aspx,6500,10000,F,36.78,-119.71944,331,T
83,CA,California,Homewood Mountain,West/Tahoe,39.17,-120.22,7665,Homewood-Mountain-Resort,151,homewood,http://www.skihomewood.com/,http://www.skihomewood.com/mountain/snow-report,6200,7800,F,39.0836,-120.1711,7121,T
84,CA,California,Kirkwood,West/Tahoe,38.68,-120,8266,Kirkwood-Mountain,142,,http://winter.kirkwood.com/site/,http://winter.kirkwood.com/site/mountain/snow-report/2012-11-13-0,7800,9800,F,38.7358,-120.2417,5240,T
85,CA,California,Mammoth Mountain,West/Tahoe,37.63,-119.02,9870,Mammoth-Mountain,136,mammoth-lakes,http://www.mammothmountain.com/,http://www.mammothmountain.com/Mountain/Conditions/SnowLifts/,7900,11000,F,37.650547,-119.037654,8915,T
86,CA,California,Mountain High,West/Tahoe,34.38,-117.71,7223,Mountain-High-Resort,137,mthigh,http://www.mthigh.com/,http://www.mthigh.com/trails-conditions/snow-report,6000,8200,F,34.3789,-117.6919,6917,T
87,CA,California,Mt. Baldy,West/Tahoe,34.28,-117.63,8380,Mt-Baldy,155,,http://www.mtbaldyskilifts.com/,http://www.mtbaldyskilifts.com/weather.lasso,6500,8600,F,34.2365,-117.65883,4101,T
88,CA,California,Mt. Shasta,West/Tahoe,41.32,-122.21,5592,Mt-Shasta,153,,http://skipark.com/,http://skipark.com/the-mountain/conditions,5500,6900,F,41.31583,-122.31611,3533,T
89,CA,California,Northstar-at-Tahoe,West/Tahoe,39.25,-120.15,7196,Northstar-at-Tahoe,138,northstar,http://www.northstarattahoe.com/,http://www.northstarattahoe.com/snowreport.asp,6300,8600,F,39.2733,-120.1025,,T
90,CA,California,Sierra-at-Tahoe,West/Tahoe,38.79,-120.07,8043,Sierra-at-Tahoe,148,sierra,http://www.sierraattahoe.com/,http://www.sierraattahoe.com/mountain/conditions,6600,8900,F,38.7358,-120.2417,5240,T
91,CA,California,Snow Summit Mountain,West/Tahoe,34.22,-116.9,7954,Snow-Summit,133,,http://www.snowsummit.com/ski/,http://www.snowsummit.com/ski/snow-report/current-snow-report/,7000,8200,F,34.2661,-116.8989,6900,T
92,CO,Colorado,Arapahoe Basin,Rockies,39.68,-105.88,11020,Arapahoe-Basin,2,,http://www.arapahoebasin.com/Abasin/Default.aspx,http://www.arapahoebasin.com/ABasin/snow-conditions/default.aspx,10800,13000,F,39.48,-106.15,12074,T
93,CO,Colorado,Aspen Heights,Rockies,39.14,-106.91,9797,Aspen-Highlands,4,aspen-highlands,http://www.aspensnowmass.com/en/aspen-highlands,http://www.aspensnowmass.com/en/aspen-highlands/snow-report-for-aspen-highlands,8000,11700,F,39.22,-106.87,8018,T
94,CO,Colorado,Aspen Mountain,Rockies,39.17,-106.8,9079,Aspen-Mountain,24,aspen-mountain,http://www.aspensnowmass.com/aspen-mountain,http://www.aspensnowmass.com/aspen-mountain/snow-report-for-aspen-mountain,8000,11200,F,39.22,-106.87,8018,T
95,CO,Colorado,Winter Park,Rockies,39.88,-105.78,10102,Winter-Park,16,winter-park,http://www.winterparkresort.com/,http://www.winterparkresort.com/the-mountain/snow-weather-report.aspx,9000,12000,F,39.886986,-105.7625588,9396_,T
96,CO,Colorado,Buttermilk,Rockies,39.17,-106.88,8446,Buttermilk,26,,http://www.aspensnowmass.com/buttermilk,http://www.aspensnowmass.com/buttermilk/snow-report-for-buttermilk,7900,9900,F,39.22,-106.87,8018,T
97,CO,Colorado,Copper Mountain,Rockies,39.48,-106.17,11342,Copper-Mountain,7,copper,http://www.coppercolorado.com/winter/index.html,http://www.coppercolorado.com/winter/the_mountain/dom/snow.html,9700,12300,F,39.48,-106.15,12074,T
98,CO,Colorado,Crested Butte,Rockies,38.9,-106.94,10526,Crested-Butte-Mountain,8,crested-butte,http://www.skicb.com/cbmr/index.aspx,http://www.skicb.com/cbmr/snow-report.aspx,8800,11900,F,38.55,-106.92,7674,T
99,CO,Colorado,Eldora,Rockies,39.94,-105.59,9521,Eldora-Mountain-Resort,10,,http://www.eldora.com/mountain.snow.php,,9200,10600,F,40.04,-105.23,5288,T
100,CO,Colorado,Loveland,Rockies,39.67,-105.9,11677,Loveland,1,loveland,http://skiloveland.com/,http://www.skiloveland.com/themountain/reports/snowreport.aspx,10600,12700,F,39.48,-106.15,12074,T
101,CO,Colorado,Monarch,Rockies,38.51,-106.35,11260,Monarch-Ski-Area,11,monarch,http://www.skimonarch.com/,http://store.skimonarch.com/snow_report/,10800,12000,F,38.5,-106.32,12031,T
102,CO,Colorado,Powderhorn,Rockies,39.05,-108.16,9296,Powderhorn,12,,http://www.powderhorn.com/,http://www.powderhorn.com/snow-report,8200,9900,F,46.54,-90.13,1230,T
103,CO,Colorado,Purgatory,Rockies,37.65,-107.84,10125,Purgatory-Resort,9,,http://www.durangomountainresort.com/,http://www.durangomountainresort.com/snowreport/,8800,10800,F,37.94,-107.77,9085,T
104,CO,Colorado,Silverton,Rockies,37.89,-107.64,10880,Silverton-Mountain,23,,http://www.silvertonmountain.com/page/home,http://www.silvertonmountain.com/page/mountain/snow,10400,13300,F,37.94,-107.77,9085,T
105,CO,Colorado,Ski Cooper,Rockies,39.3,-106.21,10788,Ski-Cooper,18,,http://www.skicooper.com/,,10500,11700,F,39.3,-106.2,11591,T
106,CO,Colorado,Snowmass,Rockies,39.16,-106.91,9797,Snowmass,30,snowmass,http://www.aspensnowmass.com/snowmass,http://www.aspensnowmass.com/snowmass/snow-report-for-snowmass,8100,12500,F,39.22,-106.87,8018,T
107,CO,Colorado,Steamboat,Rockies,40.46,-106.77,8931,Steamboat-Ski,13,steamboat,http://www.steamboat.com/,http://www.steamboat.com/the-mountain/snow-and-weather-report.aspx,6900,10600,F,40.48,-106.82,7051,T
108,CO,Colorado,Sunlight,Rockies,39.38,-107.34,9364,Sunlight-Mountain-Resort,20,,http://www.sunlightmtn.com/,http://www.sunlightmtn.com/mountain/current-conditions,7900,9900,F,39.54,-107.72,5548,T
109,CO,Colorado,Telluride,Rockies,37.94,-107.82,9391,Telluride,14,telluride,http://tellurideskiresort.com/tellski/index.aspx,http://tellurideskiresort.com/TellSki/snow-report.aspx,8700,12600,F,37.94,-107.77,9085,T
110,CO,Colorado,Wolf Creek,Rockies,37.4,-106.6,11952,Wolf-Creek-Ski-Area,21,,http://www.wolfcreekski.com/,http://www.wolfcreekski.com/wolf-creek-snow-report.php,10300,11900,F,37.46,-106.8,11759,T
111,CO,Colorado,Keystone,Rockies,39.58,-105.95,10735,Keystone-Resort,3,keystone,http://www.keystoneresort.com/,http://www.keystoneresort.com/ski-and-snowboard/snow-report.aspx,9100,12200,F,39.48,-106.15,12074,T
112,AK,Alaska,Alpenglow,Alaska,61.24,-149.5,3398,Alpenglow,,,http://www.skiarctic.net/,http://www.skiarctic.net/snow-conditions/,2500,3900,F,,,,T
113,AK,Alaska,Eaglecrest Ski Area,Alaska,58.27,-134.52,1597,Eaglecrest-Ski-Area,131,,http://www.skijuneau.com/,http://www.skijuneau.com/,1200,2600,F,,,,T
114,BC,British Columbia,Big White,BritishColumbia,49.7219,-118.9289,1765,Big-White,,big-white,http://www.bigwhite.com/,http://www.bigwhite.com/mountain-info/mountain-reports/daily-snow-report/,1524,2316,F,,,,F
115,BC,British Columbia,Fernie Alpine,BritishColumbia,49.462476,-115.08706,1079,Fernie,,,http://www.skifernie.com/,http://www.skifernie.com/conditions/snow-report.aspx,1189,1920,F,,,,F
116,BC,British Columbia,Kicking Horse Mountain,BritishColumbia,51.2892,-117.0586,1554,Kicking-Horse,,,http://www.kickinghorseresort.com/,http://www.kickinghorseresort.com/current-conditions.aspx,1189,2438,F,,,,F
117,BC,British Columbia,Kimberley Alpine,BritishColumbia,49.6853,-116.0139,1411,Kimberley,,,http://www.skikimberley.com/,http://www.skikimberley.com/conditions/snow-report.aspx,1280,1981,F,,,,F
118,BC,British Columbia,Mount Washington Alpine,BritishColumbia,49.7383,-125.2986,1170,Mount-Washington,,,http://www.mountwashington.ca/,http://www.mountwashington.ca/weather/alpine-snow-report.html,1097,1585,F,,,,F
119,BC,British Columbia,Panorama Mountain,BritishColumbia,49.4,-115.59,1539,Panorama,,,http://www.panoramaresort.com/,http://www.panoramaresort.com/mountain/snow-report,1189,2408,F,,,,F
120,BC,British Columbia,Red Mountain,BritishColumbia,49.104684,-117.816694,1128,Red-Mountain,,red-mountain,http://www.redresort.com/,http://www.redresort.com/mountain/report/,1189,2073,F,,,,F
121,BC,British Columbia,Silver Star Mountain,BritishColumbia,50.369444,-119.063611,1859,Silver-Star,,silver-star,http://winter.skisilverstar.com/,http://winter.skisilverstar.com/mountain-conditions/snow-report,1158,1920,F,,,,F
122,BC,British Columbia,Sun Peaks Resort,BritishColumbia,50.8939,-119.8931,1494,Sun-Peaks,,sun-peaks,http://www.sunpeaksresort.com/,http://www.sunpeaksresort.com/weather-and-cams/conditions,1189,2073,F,,,,F
123,BC,British Columbia,Whistler Blackcomb,BritishColumbia,50.1159,-122.949,671,Whistler-Blackcomb,,whistler-blackcomb,http://www.whistlerblackcomb.com/,http://www.whistlerblackcomb.com/the-mountain/snow-and-weather/index.aspx,671,2286,F,,,,F
124,VT,Vermont,Mad River Glen,East,44.2,-72.9244,2758,Mad-River-Glen,204,mad-river-glen,http://www.madriverglen.com/,http://www.madriverglen.com/conditions/,1601,3639,F,,,,T
125,VT,Vermont,Sugarbush,East,44.1372,-72.9067,2932,Sugarbush,200,sugarbush,http://www.sugarbush.com/,http://www.sugarbush.com/snow-trails-conditions/live-mountain-update,1486,4134,F,,,,T
126,VT,Vermont,Stowe,East,44.4887,-72.7923,2598,Stowe,196,stowe,http://www.stowe.com/,http://www.stowe.com/ski-ride/conditions/,1280,3639,F,,,,T
127,VT,Vermont,Smugglers Notch,East,44.5051,-72.7682,2696,Smugglers-Notch,195,smuggs,http://www.smuggs.com/,http://www.smuggs.com/pages/winter/snowReport/,1030,3639,F,,,,T
128,VT,Vermont,Jay Peak,East,44.9162,-72.5383,2886,Jay-Peak,194,jay-peak,http://www.jaypeakresort.com/,http://www.jaypeakresort.com/skiing-riding/the-mountain/weather-from-the-hill,1814,3967,F,,,,T
129,VT,Vermont,Killington,East,43.7924,-72.8363,2614,Killington,31,killington,http://www.killington.com/winter/index.html,http://www.killington.com/winter/mountain/conditions,1079,4242,F,,,,T
130,ME,Maine,Sunday River,East,44.447,-70.7557,1446,Sunday-River,34,sunday-river,http://www.sundayriver.com/,http://www.sundayriver.com/TheMountain/MountainReport/index.asp,804,3150,F,,,,T
131,ME,Maine,Sugarloaf,East,44.7594,-70.51815,2417,Sugarloaf,156,sugarloaf,http://www.sugarloaf.com/index.html,http://www.sugarloaf.com/TheMountain/DailyReport/index.html,1431,4252,F,,,,T
132,NH,New Hampshire,Wildcat Mountain,East,44.2604,-71.2034,3149,Wildcat,171,wildcat,http://www.skiwildcat.com/,http://www.skiwildcat.com/snow-report.html,1850,4049,F,,,,T
133,NH,New Hampshire,Cannon Mountain,East,44.163,-71.698,3720,Cannon-Mountain,174,cannon,http://www.cannonmt.com/,http://www.cannonmt.com/snowreport.html,2034,4180,F,,,,T
134,NY,New York,Whiteface Mountain,East,44.3671,-73.8868,3884,Whiteface-Mountain,256,whiteface,http://www.whiteface.com/,http://www.whiteface.com/mountain/conditions,1066,4436,F,,,,T
135,MN,Minnesota,Afton Alps,Midwest,44.8556,-92.7892,,Afton-Alps,325,,http://www.aftonalps.com/,,0,351,F,,,,T
136,MN,Minnesota,Hyland,Midwest,44.844,-93.36367,,Hyland-Ski-and-Snowboard-Area,340,,http://www.threeriversparks.org/parks/hyland-lake-park/hyland-ski-and-snowboard-area.aspx,,899,1076,F,,,,T
137,MN,Minnesota,Lutsen,Midwest,47.6641,-90.7143,,Lutsen-Mountains,341,,http://www.lutsen.com/,,879,1686,F,,,,T
138,MN,Minnesota,Powder Ridge,Midwest,45.3444,-94.311,,Powder-Ridge-Ski-Area,344,,www.powderridge.com/,,541,850,F,,,,T
139,WI,Wisconsin,Cascade Mountain,Midwest,43.5039,-89.518,,Cascade-Mountain,332,,http://cascademountain.com/,,817,1276,F,,,,T
140,WI,Wisconsin,Devils Head,Midwest,43.4216,-89.6277,,Devils-Head,335,devlis-head,http://www.devilsheadresort.com/,,495,994,F,,,,T
141,WI,Wisconsin,Alpine Valley,Midwest,42.7352,-88.4273,,Alpine-Valley-Resort,330,,http://www.alpinevalleyresort.com/,,873,1260,F,,,,T
142,WI,Wisconsin,Granite Peak,Midwest,44.9286,-89.682,,Granite-Peak-Ski-Area,336,,http://www.skigranitepeak.com/index.cfm,,1243,1942,F,,,,T
143,WI,Wisconsin,Whitecap Mountain,Midwest,46.4078,-90.3965,,Whitecap-Mountain,355,,http://www.skiwhitecap.com/,,1348,1749,F,,,,T
144,NV,Nevada,Mt Rose,West/Tahoe,39.3438,-119.9179,,Mt-Rose-Ski-Tahoe,67,mtrose,http://www.skirose.com/,,7901,9699,F,,,,T
145,MI,Michigan,Mount Bohemia,Midwest,47.391697,-88.013578,,Mount-Bohemia,386,,http://www.mtbohemia.com/,,778,1447,F,,,,T
146,MI,Michigan,Boyne,Midwest,45.1668,-84.9244,,Boyne-Mountain,362,,http://www.boyne.com/Winter/index.html,,623,1122,F,,,,T
147,MI,Michigan,Marquette,Midwest,46.5083,-87.42,,Marquette-Mountain,384,,http://www.marquettemountain.com/home.php,,1201,1801,F,,,,T
148,MI,Michigan,Porcupine,Midwest,46.81832,-89.650367,,Porcupine-Mountain,,,http://www.skitheporkies.com/,,810,1450,F,,,,T
149,BC,British Columbia,Whitewater,BritishColumbia,49.444,-117.1519,,Whitewater,,,http://www.skiwhitewater.com/,,1417,2040,F,,,,F
150,NV,Nevada,Diamond Peak,West/Tahoe,39.254,-119.9235,7036,Diamond-Peak,66,diamondpeak,http://diamondpeak.com/,,6700,8500,F,,,,T
151,NV,Nevada,Las Vegas Ski and Snowboard,West/Tahoe,36.3036,-115.6796,9197,Las-Vegas-Ski-and-Snowboard-Resort,65,,http://www.skilasvegas.com/winter/index.html,,7500,8500,F,,,,T
152,AZ,Arizona,Arizona Snowbowl,West/Tahoe,35.3278,-111.6953,10066,Arizona-Snowbowl,78,,http://www.arizonasnowbowl.com/,,9200,11500,F,,,,T
153,AZ,Arizona,Mt Lemmon Ski Valley,West/Tahoe,32.4522,-110.7839,,MtLemmonSkiValley,79,,http://www.skithelemmon.com/,,8200,9200,F,,,,T
154,AZ,Arizona,Sunrise Park,West/Tahoe,33.9468,-109.5433,,Sunrise-Park-Resort,80,,http://sunriseskiparkaz.com/,,9300,11000,F,,,,T
155,AZ,Arizona,Elk Ridge,West/Tahoe,35.2106,-112.1925,,Elk-Ridge-Ski-and-Outdoor-Recreation,81,,http://www.elkridgeski.com/,,7500,8100,F,,,,T
156,NY,New York,Catamount,East,42.1715,-73.4778,,Catamount-Ski-Area,,,http://www.catamountski.com,,1001,2001,F,,,,T
157,NY,New York,Belleayre,East,42.1422,-74.5108,,Belleayre,269,,http://www.belleayre.com,,2024,3429,F,,,,T
158,NY,New York,Gore,East,43.6722,-74.0069,,Gore-Mountain,277,,http://www.goremountain.com,,1500,3500,F,,,,T
159,NY,New York,Greek Peak,East,42.505,-76.1472,,Greek-Peak,278,,http://greekpeak.net/,,1200,2160,F,,,,T
160,NY,New York,Holiday Valley,East,42.26282,-78.66895,,Holiday-Valley,280,,http://www.holidayvalley.com,,1500,2251,F,,,,T
161,NY,New York,Holimont,East,42.273185,-78.6888,,Holimont-Ski-Area,281,,http://www.holimont.com,,1562,2261,F,,,,T
162,NY,New York,Hunter Mountain,East,42.2003,-74.2303,,Hunter-Mountain,282,,http://www.huntermtn.com,,1600,3200,F,,,,T
163,NY,New York,Peak N Peak,East,42.065129,-79.73655,,Peek-n-Peak-Resort,288,,http://www.pknpk.com,,1400,1800,F,,,,T
164,NY,New York,Titus Mountain,East,44.7633,-74.2353,,Titus-Mountain,258,,http://www.titusmountain.com/‰Û_,,194,1391,F,,,,T
165,NY,New York,Windham,East,42.2917,-74.2594,,Windham-Mountain,285,,http://www.windhammountain.com,,1500,3100,F,,,,T
166,NZ,New Zealand,Treble Cone,New Zealand,-44.634,168.896,,Treble-Cone,,,http://www.treblecone.com/,,1260,1920,T,,,,F
167,NZ,New Zealand,Mount Hutt,New Zealand,-43.4667,171.5333,,Mount-Hutt,,,www.nzski.com/mountain.jsp?site=mthutt,,1403,2086,T,,,,F
168,NZ,New Zealand,Remarkables,New Zealand,-45.15,168.8333,,Remarkables,,,http://www.nzski.com/mountain.jsp?site=theremarkables,,1586,1943,T,,,,F
169,NZ,New Zealand,Coronet Peak,New Zealand,-44.9269,168.7361,,Coronet-Peak,,,http://www.nzski.com/mountain.jsp?site=coronetpeak,,1187,1649,T,,,,F
170,AR,Argentina,Las Lenas,Argentina,-35.15,-70.0833,,Las-Lenas,,,http://www.skiportillo.com/,,2240,3430,T,,,,F
171,CL,Chile,Portillo,Chile,-32.836,-70.129,,Portillo,,,https://www.laslenas.com/,,2548,3310,T,,,,F